<?xml version="1.0" encoding="UTF-8"?>
<!DOCTYPE mapper PUBLIC "-//mybatis.org//DTD Mapper 3.0//EN" "http://mybatis.org/dtd/mybatis-3-mapper.dtd">

<mapper namespace="com.example.boardex.dao.IboardDao">

    <insert id="insert">
        insert into iboard(ititle, iuserId, icontents, iview)
        values (#{ititle}, #{iuserId}, #{icontents}, #{iview})
    </insert>

    <select id="search">
        select *
        from iboard
        order by ino desc limit #{page},10;
    </select>

    <select id="allCnt">
        select count(*)
        from iboard
    </select>

    <select id="read">
        select *
        from iboard
        where ino = #{ino}
    </select>
    <select id="reply">
        select rid,rcontents,rdate
        from ireply
        where rno = #{ino}
    </select>

    <select id="upView1">
        select iview,ino
        from iboard
        where ino = ${ino};


    </select>

    <update id="upView2">
    update iboard set iview = #{iview}
    where ino = ${ino}
    </update>
</mapper>